time,status,count
00h 00,reversed,7
00h 00,approved,9
00h 00,processing,12
00h 00,denied,3
00h 00,backend_reversed,2
00h 01,approved,16
00h 01,backend_reversed,1
00h 01,reversed,2
00h 01,processing,2
00h 01,denied,12
00h 02,reversed,5
00h 02,backend_reversed,3
00h 02,processing,5
00h 02,approved,5
00h 02,denied,4
00h 03,denied,2
00h 03,backend_reversed,2
00h 03,approved,6
00h 03,processing,4
00h 03,reversed,9
00h 04,processing,2
00h 04,reversed,10
00h 04,backend_reversed,3
00h 04,approved,12
00h 04,denied,4
00h 05,approved,27
00h 05,reversed,4
00h 05,denied,6
00h 06,approved,22
00h 06,reversed,1
00h 06,denied,4
00h 07,processing,1
00h 07,backend_reversed,2
00h 07,denied,2
00h 07,approved,11
00h 07,reversed,3
00h 08,processing,6
00h 08,reversed,2
00h 08,backend_reversed,3
00h 08,approved,5
00h 09,approved,3
00h 09,reversed,9
00h 09,denied,1
00h 09,backend_reversed,5
00h 09,processing,5
00h 10,denied,1
00h 10,processing,5
00h 10,reversed,1
00h 10,backend_reversed,10
00h 11,backend_reversed,4
00h 11,approved,2
00h 11,processing,2
00h 11,denied,1
00h 11,reversed,8
00h 12,approved,14
00h 12,processing,4
00h 12,denied,8
00h 12,refunded,1
00h 12,backend_reversed,3
00h 12,reversed,8
00h 13,approved,33
00h 13,denied,5
00h 14,approved,17
00h 14,denied,4
00h 15,approved,12
00h 15,reversed,1
00h 15,denied,5
00h 16,refunded,1
00h 16,denied,2
00h 16,reversed,3
00h 16,approved,10
00h 17,reversed,6
00h 17,denied,2
00h 17,approved,13
00h 17,refunded,1
00h 18,approved,18
00h 18,denied,1
00h 19,approved,16
00h 20,denied,3
00h 20,approved,11
00h 21,approved,17
00h 21,reversed,1
00h 21,denied,5
00h 22,approved,15
00h 22,denied,7
00h 23,denied,5
00h 23,approved,17
00h 24,refunded,1
00h 24,approved,15
00h 24,denied,7
00h 25,approved,10
00h 25,denied,3
00h 25,reversed,1
00h 26,approved,6
00h 27,approved,11
00h 28,approved,10
00h 28,denied,4
00h 29,approved,16
00h 29,denied,2
00h 30,denied,3
00h 30,approved,6
00h 31,approved,10
00h 31,denied,3
00h 32,approved,7
00h 33,denied,2
00h 33,approved,8
00h 34,denied,2
00h 34,approved,11
00h 35,approved,8
00h 36,denied,2
00h 36,approved,7
00h 36,reversed,1
00h 37,denied,1
00h 37,approved,12
00h 38,approved,3
00h 38,denied,3
01h 38,approved,2
01h 39,approved,5
01h 40,approved,5
01h 40,denied,1
01h 41,reversed,1
01h 41,approved,1
01h 42,reversed,1
01h 42,approved,2
01h 43,reversed,1
01h 43,approved,4
01h 43,refunded,1
01h 44,reversed,1
01h 44,approved,3
01h 45,approved,4
01h 46,approved,3
01h 46,reversed,1
01h 47,approved,5
01h 48,approved,2
01h 49,approved,1
01h 50,approved,3
01h 52,approved,4
01h 53,approved,1
01h 54,denied,1
01h 55,approved,1
01h 56,approved,2
01h 56,denied,1
01h 57,approved,4
01h 58,approved,1
02h 00,approved,3
02h 01,approved,2
02h 02,approved,1
02h 03,approved,4
02h 04,approved,3
02h 05,approved,3
02h 05,denied,1
02h 06,approved,2
02h 07,denied,1
02h 07,approved,2
02h 08,approved,1
02h 09,approved,2
02h 10,approved,1
02h 11,approved,2
02h 11,reversed,1
02h 12,approved,1
02h 14,denied,1
02h 15,approved,4
02h 15,denied,1
02h 17,approved,3
02h 18,approved,1
02h 19,approved,1
02h 20,approved,2
02h 21,approved,1
02h 22,approved,2
02h 23,approved,3
02h 24,approved,1
02h 25,approved,2
02h 26,approved,1
02h 27,approved,3
02h 28,approved,1
02h 29,approved,1
02h 30,approved,2
02h 31,approved,1
02h 32,approved,3
02h 33,approved,5
02h 35,approved,1
02h 36,approved,1
02h 37,denied,1
02h 37,approved,2
02h 38,denied,1
02h 39,approved,1
02h 40,approved,3
02h 41,approved,2
02h 42,approved,1
02h 43,approved,1
02h 44,approved,2
02h 45,approved,1
02h 46,approved,1
02h 47,approved,1
02h 48,approved,1
02h 49,approved,4
02h 50,approved,1
02h 51,approved,2
02h 52,approved,2
02h 53,approved,1
02h 54,denied,1
02h 56,approved,1
02h 58,denied,1
02h 58,approved,2
03h 01,denied,1
03h 02,approved,1
03h 03,approved,3
03h 03,denied,2
03h 06,approved,1
03h 07,approved,1
03h 07,denied,1
03h 08,approved,1
03h 09,denied,2
03h 10,denied,1
03h 14,approved,1
03h 15,approved,1
03h 17,denied,1
03h 17,approved,1
03h 18,denied,1
03h 20,approved,2
03h 24,denied,2
03h 26,denied,1
03h 28,approved,1
03h 29,approved,1
03h 30,approved,1
03h 33,denied,1
03h 33,approved,2
03h 34,denied,1
03h 34,approved,2
03h 34,reversed,1
03h 35,approved,6
03h 36,approved,1
03h 37,backend_reversed,1
03h 37,approved,1
03h 38,backend_reversed,1
03h 38,approved,2
03h 39,approved,2
03h 39,denied,1
03h 40,approved,2
03h 40,denied,1
03h 41,denied,1
03h 42,approved,2
03h 42,denied,2
03h 43,denied,3
03h 43,approved,1
03h 44,reversed,1
03h 44,approved,2
03h 45,approved,1
03h 46,denied,3
03h 47,backend_reversed,1
03h 47,approved,2
03h 48,approved,2
03h 49,approved,2
03h 50,denied,2
03h 50,reversed,1
03h 50,approved,3
03h 51,approved,2
03h 52,denied,1
03h 52,approved,1
03h 53,denied,1
03h 53,approved,1
03h 54,approved,1
03h 55,approved,2
03h 57,approved,1
03h 58,approved,2
04h 03,approved,1
04h 03,denied,1
04h 06,approved,2
04h 11,approved,2
04h 12,approved,1
04h 13,denied,1
04h 13,approved,1
04h 14,approved,1
04h 15,approved,2
04h 18,approved,2
04h 19,approved,2
04h 20,approved,2
04h 22,approved,1
04h 23,approved,1
04h 28,approved,2
04h 28,denied,1
04h 29,approved,1
04h 31,approved,1
04h 33,approved,1
04h 41,approved,3
04h 42,approved,2
04h 43,approved,1
04h 44,approved,1
04h 46,approved,1
04h 47,approved,2
04h 48,approved,1
04h 49,approved,1
04h 52,approved,1
04h 55,approved,1
04h 56,approved,1
04h 58,approved,2
05h 00,approved,1
05h 01,approved,3
05h 02,approved,2
05h 04,approved,1
05h 05,approved,1
05h 06,denied,1
05h 06,approved,2
05h 07,denied,1
05h 07,approved,1
05h 08,approved,1
05h 09,approved,1
05h 10,denied,1
05h 12,approved,1
05h 12,denied,1
05h 13,approved,2
05h 13,denied,1
05h 14,approved,1
05h 15,denied,1
05h 15,approved,2
05h 16,approved,2
05h 17,approved,3
05h 18,approved,2
05h 19,approved,1
05h 21,approved,4
05h 22,approved,5
05h 23,approved,2
05h 25,approved,3
05h 25,denied,1
05h 26,approved,3
05h 27,denied,2
05h 27,approved,2
05h 28,denied,1
05h 28,approved,4
05h 30,approved,5
05h 31,approved,3
05h 32,approved,3
05h 32,denied,2
05h 33,approved,5
05h 34,denied,3
05h 34,approved,4
05h 35,denied,1
05h 35,approved,5
05h 36,approved,5
05h 36,refunded,1
05h 36,denied,2
05h 37,denied,2
05h 37,approved,12
05h 38,denied,3
05h 38,approved,7
05h 39,approved,2
05h 40,approved,9
05h 40,denied,1
05h 41,approved,4
05h 42,denied,1
05h 42,approved,7
05h 43,approved,7
05h 44,approved,7
05h 44,reversed,1
05h 44,denied,1
05h 45,approved,4
05h 45,denied,2
05h 46,approved,7
05h 46,denied,1
05h 47,denied,3
05h 47,approved,6
05h 48,denied,2
05h 48,approved,5
05h 49,backend_reversed,1
05h 49,approved,10
05h 49,denied,2
05h 49,reversed,1
05h 50,approved,9
05h 51,approved,6
05h 51,reversed,1
05h 52,approved,9
05h 52,denied,2
05h 53,denied,2
05h 53,approved,8
05h 53,reversed,1
05h 54,approved,11
05h 55,approved,9
05h 55,backend_reversed,1
05h 55,denied,1
05h 55,reversed,1
05h 56,approved,5
05h 57,denied,1
05h 57,approved,12
05h 57,reversed,1
05h 58,denied,3
05h 58,approved,10
05h 59,approved,10
05h 59,denied,1
06h 00,approved,12
06h 01,denied,2
06h 01,backend_reversed,1
06h 01,approved,7
06h 02,approved,12
06h 02,denied,3
06h 03,denied,2
06h 03,refunded,1
06h 03,approved,11
06h 03,reversed,1
06h 04,denied,3
06h 04,approved,20
06h 05,approved,18
06h 05,denied,2
06h 06,approved,19
06h 06,denied,6
06h 07,approved,17
06h 07,denied,3
06h 08,approved,18
06h 08,denied,3
06h 09,approved,19
06h 10,approved,15
06h 10,denied,4
06h 11,approved,12
06h 12,approved,22
06h 12,denied,1
06h 13,approved,19
06h 14,approved,23
06h 14,denied,1
06h 15,approved,14
06h 15,denied,2
06h 16,denied,2
06h 16,approved,18
06h 17,approved,23
06h 18,approved,23
06h 19,approved,22
06h 20,denied,3
06h 20,approved,29
06h 20,reversed,1
06h 21,approved,25
06h 21,denied,3
06h 22,approved,33
06h 22,denied,2
06h 23,approved,17
06h 23,denied,4
06h 24,approved,33
06h 24,denied,2
06h 25,denied,1
06h 25,approved,28
06h 26,denied,2
06h 26,approved,32
06h 27,approved,19
06h 27,refunded,1
06h 27,reversed,1
06h 27,denied,4
06h 28,approved,25
06h 28,denied,3
06h 29,approved,37
06h 29,denied,1
06h 30,denied,3
06h 30,approved,29
06h 31,approved,23
06h 31,denied,5
06h 32,approved,42
06h 32,denied,4
06h 33,denied,6
06h 33,approved,28
06h 34,approved,38
06h 34,denied,5
06h 35,denied,5
06h 35,approved,44
06h 36,denied,5
06h 36,approved,34
06h 36,reversed,1
06h 37,denied,5
06h 37,approved,34
06h 38,denied,5
06h 38,approved,43
06h 39,approved,33
06h 39,denied,3
06h 40,denied,1
06h 40,approved,32
06h 41,approved,37
06h 41,denied,3
06h 42,backend_reversed,1
06h 42,approved,45
06h 42,reversed,1
06h 42,denied,2
06h 43,approved,36
06h 43,denied,8
06h 44,denied,3
06h 44,approved,43
06h 45,approved,34
06h 45,denied,1
06h 46,approved,34
06h 46,reversed,1
06h 46,denied,3
06h 47,approved,34
06h 47,denied,5
06h 47,backend_reversed,1
06h 48,approved,47
06h 48,denied,5
06h 48,reversed,1
06h 49,denied,4
06h 49,approved,54
06h 50,approved,49
06h 50,denied,4
06h 51,approved,55
06h 51,denied,1
06h 51,reversed,1
06h 52,approved,57
06h 52,denied,4
06h 53,denied,11
06h 53,approved,54
06h 53,refunded,1
06h 54,approved,57
06h 54,denied,8
06h 55,approved,55
06h 55,denied,7
06h 56,approved,46
06h 56,denied,1
06h 57,approved,41
06h 57,denied,6
06h 58,approved,60
06h 58,denied,5
06h 59,denied,2
06h 59,approved,42
07h 00,denied,4
07h 00,approved,53
07h 01,approved,62
07h 01,reversed,1
07h 01,denied,6
07h 02,approved,65
07h 02,denied,11
07h 03,approved,63
07h 03,denied,3
07h 03,refunded,1
07h 04,denied,7
07h 04,approved,67
07h 05,approved,67
07h 05,denied,7
07h 06,denied,5
07h 06,approved,64
07h 07,approved,67
07h 07,denied,7
07h 07,reversed,1
07h 08,approved,84
07h 08,reversed,1
07h 08,denied,6
07h 09,refunded,2
07h 09,approved,66
07h 09,denied,9
07h 10,denied,12
07h 10,approved,71
07h 11,approved,67
07h 11,denied,14
07h 12,approved,61
07h 12,denied,6
07h 12,reversed,1
07h 13,approved,69
07h 13,denied,11
07h 14,approved,74
07h 14,denied,9
07h 15,approved,81
07h 15,refunded,1
07h 15,denied,6
07h 16,approved,80
07h 16,reversed,1
07h 16,denied,6
07h 17,approved,79
07h 17,denied,5
07h 18,approved,77
07h 18,denied,3
07h 19,denied,9
07h 19,approved,79
07h 20,approved,84
07h 20,denied,12
07h 21,denied,9
07h 21,approved,70
07h 21,refunded,1
07h 22,denied,3
07h 22,approved,76
07h 23,approved,82
07h 23,denied,4
07h 24,denied,6
07h 24,approved,70
07h 25,approved,66
07h 25,denied,4
07h 26,approved,76
07h 26,denied,13
07h 27,approved,74
07h 27,denied,5
07h 28,denied,6
07h 28,approved,83
07h 29,approved,76
07h 29,denied,9
07h 30,reversed,1
07h 30,approved,77
07h 30,denied,14
07h 31,refunded,1
07h 31,approved,96
07h 31,denied,4
07h 32,denied,6
07h 32,approved,92
07h 33,denied,5
07h 33,approved,84
07h 33,refunded,2
07h 34,denied,9
07h 34,approved,87
07h 34,reversed,1
07h 35,approved,48
07h 35,denied,4
07h 36,denied,10
07h 36,approved,111
07h 37,approved,72
07h 37,denied,10
07h 38,denied,8
07h 38,refunded,1
07h 38,approved,86
07h 39,denied,6
07h 39,approved,89
07h 40,refunded,1
07h 40,approved,80
07h 40,denied,18
07h 40,reversed,2
07h 41,reversed,1
07h 41,denied,8
07h 41,approved,98
07h 42,denied,8
07h 42,refunded,1
07h 42,reversed,1
07h 42,approved,99
07h 43,backend_reversed,1
07h 43,approved,109
07h 43,denied,10
07h 44,refunded,1
07h 44,denied,7
07h 44,approved,97
07h 45,approved,116
07h 45,refunded,1
07h 45,denied,15
07h 46,refunded,1
07h 46,reversed,1
07h 46,approved,108
07h 46,denied,9
07h 47,approved,113
07h 47,denied,9
07h 48,approved,85
07h 48,refunded,1
07h 48,reversed,1
07h 48,denied,13
07h 49,denied,21
07h 49,approved,112
07h 50,approved,120
07h 50,denied,20
07h 51,denied,12
07h 51,refunded,1
07h 51,approved,104
07h 51,reversed,2
07h 52,reversed,1
07h 52,denied,11
07h 52,approved,100
07h 53,denied,15
07h 53,approved,127
07h 53,refunded,1
07h 54,denied,15
07h 54,reversed,1
07h 54,approved,108
07h 55,denied,8
07h 55,approved,101
07h 56,approved,131
07h 56,denied,13
07h 56,reversed,1
07h 57,approved,105
07h 57,denied,16
07h 57,reversed,2
07h 58,denied,16
07h 58,approved,119
07h 59,denied,19
07h 59,approved,119
07h 59,refunded,4
08h 00,denied,15
08h 00,approved,118
08h 01,approved,123
08h 01,denied,13
08h 01,backend_reversed,1
08h 02,backend_reversed,1
08h 02,denied,16
08h 02,approved,120
08h 03,approved,144
08h 03,reversed,1
08h 03,denied,23
08h 03,failed,1
08h 04,approved,140
08h 04,denied,11
08h 04,reversed,2
08h 04,refunded,1
08h 05,denied,12
08h 05,refunded,1
08h 05,reversed,1
08h 05,approved,141
08h 06,approved,152
08h 06,denied,16
08h 06,reversed,1
08h 07,reversed,1
08h 07,approved,138
08h 07,denied,10
08h 08,approved,152
08h 08,refunded,1
08h 08,denied,14
08h 09,approved,158
08h 09,denied,18
08h 10,approved,129
08h 10,denied,22
08h 10,refunded,2
08h 10,reversed,1
08h 11,denied,23
08h 11,approved,168
08h 12,denied,18
08h 12,approved,146
08h 12,reversed,2
08h 13,denied,15
08h 13,approved,152
08h 14,approved,170
08h 14,denied,15
08h 14,refunded,1
08h 15,approved,164
08h 15,refunded,1
08h 15,denied,14
08h 15,reversed,2
08h 16,denied,17
08h 16,approved,173
08h 17,approved,204
08h 17,reversed,1
08h 17,denied,19
08h 17,refunded,3
08h 17,backend_reversed,1
08h 18,denied,22
08h 18,reversed,3
08h 18,approved,189
08h 19,denied,12
08h 19,approved,169
08h 20,approved,180
08h 20,denied,16
08h 21,approved,168
08h 21,reversed,1
08h 21,denied,22
08h 21,refunded,1
08h 22,approved,181
08h 22,reversed,1
08h 22,denied,17
08h 23,approved,199
08h 23,refunded,1
08h 23,denied,18
08h 24,denied,14
08h 24,approved,184
08h 24,reversed,1
08h 25,reversed,1
08h 25,denied,21
08h 25,refunded,2
08h 25,approved,202
08h 26,approved,185
08h 26,refunded,2
08h 26,denied,22
08h 27,refunded,1
08h 27,approved,176
08h 27,denied,20
08h 28,denied,21
08h 28,approved,220
08h 29,refunded,2
08h 29,approved,219
08h 29,denied,28
08h 30,approved,199
08h 30,denied,16
08h 30,reversed,2
08h 31,approved,203
08h 31,denied,22
08h 32,approved,186
08h 32,denied,26
08h 32,reversed,1
08h 33,approved,214
08h 33,refunded,1
08h 33,denied,19
08h 34,approved,195
08h 34,backend_reversed,1
08h 34,denied,22
08h 34,refunded,1
08h 35,approved,196
08h 35,backend_reversed,1
08h 35,denied,13
08h 36,approved,206
08h 36,reversed,1
08h 36,refunded,2
08h 36,denied,21
08h 37,approved,196
08h 37,denied,25
08h 37,reversed,1
08h 38,denied,29
08h 38,refunded,1
08h 38,approved,205
08h 39,approved,224
08h 39,denied,24
08h 39,reversed,1
08h 40,approved,208
08h 40,denied,22
08h 40,reversed,2
08h 40,refunded,3
08h 41,denied,16
08h 41,approved,216
08h 41,refunded,2
08h 42,backend_reversed,1
08h 42,approved,218
08h 42,refunded,3
08h 42,denied,26
08h 43,approved,205
08h 43,denied,29
08h 44,denied,24
08h 44,approved,217
08h 44,reversed,1
08h 45,reversed,2
08h 45,approved,216
08h 45,denied,27
08h 46,denied,35
08h 46,approved,213
08h 46,refunded,4
08h 47,denied,33
08h 47,refunded,2
08h 47,approved,230
08h 48,approved,235
08h 48,denied,35
08h 49,reversed,3
08h 49,refunded,1
08h 49,approved,245
08h 49,denied,30
08h 50,approved,221
08h 50,reversed,3
08h 50,denied,21
08h 50,refunded,1
08h 51,refunded,1
08h 51,approved,270
08h 51,denied,27
08h 51,backend_reversed,1
08h 51,reversed,2
08h 52,approved,239
08h 52,denied,30
08h 52,refunded,1
08h 53,reversed,3
08h 53,denied,14
08h 53,approved,244
08h 53,refunded,3
08h 54,reversed,1
08h 54,denied,27
08h 54,backend_reversed,1
08h 54,approved,214
08h 55,denied,29
08h 55,refunded,1
08h 55,approved,240
08h 56,approved,247
08h 56,denied,31
08h 57,approved,266
08h 57,reversed,2
08h 57,denied,25
08h 58,approved,231
08h 58,denied,23
08h 58,refunded,1
08h 59,denied,36
08h 59,approved,256
08h 59,reversed,1
08h 59,refunded,1
09h 00,denied,28
09h 00,refunded,2
09h 00,approved,231
09h 01,refunded,1
09h 01,denied,27
09h 01,approved,246
09h 02,denied,28
09h 02,approved,249
09h 02,reversed,1
09h 03,denied,26
09h 03,approved,288
09h 03,refunded,3
09h 03,reversed,1
09h 04,reversed,1
09h 04,approved,260
09h 04,denied,34
09h 04,refunded,1
09h 05,approved,268
09h 05,denied,30
09h 05,refunded,1
09h 05,processing,1
09h 06,refunded,3
09h 06,denied,30
09h 06,backend_reversed,1
09h 06,reversed,2
09h 06,approved,292
09h 07,backend_reversed,1
09h 07,denied,29
09h 07,refunded,2
09h 07,approved,297
09h 07,reversed,1
09h 08,approved,272
09h 08,denied,22
09h 08,backend_reversed,1
09h 08,reversed,2
09h 09,approved,256
09h 09,reversed,3
09h 09,refunded,1
09h 09,denied,31
09h 10,approved,305
09h 10,refunded,2
09h 10,denied,22
09h 10,reversed,1
09h 11,approved,279
09h 11,refunded,2
09h 11,denied,39
09h 12,refunded,1
09h 12,approved,320
09h 12,denied,29
09h 12,reversed,3
09h 13,approved,300
09h 13,reversed,2
09h 13,denied,33
09h 14,denied,22
09h 14,refunded,2
09h 14,approved,298
09h 15,denied,36
09h 15,refunded,1
09h 15,approved,269
09h 16,denied,28
09h 16,reversed,2
09h 16,approved,314
09h 17,denied,37
09h 17,approved,262
09h 17,reversed,1
09h 18,denied,40
09h 18,approved,317
09h 19,refunded,1
09h 19,approved,311
09h 19,denied,36
09h 19,reversed,3
09h 20,reversed,2
09h 20,approved,308
09h 20,refunded,1
09h 20,denied,33
09h 21,approved,283
09h 21,denied,32
09h 21,reversed,3
09h 21,refunded,3
09h 22,refunded,2
09h 22,reversed,2
09h 22,approved,319
09h 22,denied,30
09h 23,reversed,1
09h 23,denied,21
09h 23,approved,282
09h 24,denied,27
09h 24,approved,292
09h 25,approved,306
09h 25,denied,34
09h 25,reversed,2
09h 26,reversed,2
09h 26,refunded,1
09h 26,denied,31
09h 26,approved,314
09h 27,approved,331
09h 27,refunded,2
09h 27,denied,28
09h 28,approved,334
09h 28,reversed,2
09h 28,denied,42
09h 28,refunded,4
09h 29,denied,36
09h 29,approved,300
09h 29,reversed,2
09h 30,refunded,1
09h 30,reversed,4
09h 30,approved,316
09h 30,denied,45
09h 30,backend_reversed,1
09h 31,approved,299
09h 31,reversed,2
09h 31,refunded,3
09h 31,denied,36
09h 32,approved,241
09h 32,denied,19
09h 32,reversed,2
09h 33,denied,23
09h 33,approved,105
09h 33,reversed,3
09h 34,approved,285
09h 34,reversed,13
09h 34,refunded,1
09h 34,denied,40
09h 35,refunded,2
09h 35,approved,466
09h 35,denied,34
09h 35,reversed,5
09h 36,approved,358
09h 36,denied,38
09h 36,backend_reversed,2
09h 36,reversed,1
09h 36,refunded,2
09h 37,denied,26
09h 37,approved,333
09h 37,refunded,2
09h 37,reversed,2
09h 38,denied,34
09h 38,refunded,6
09h 38,approved,328
09h 38,reversed,2
09h 39,approved,343
09h 39,reversed,3
09h 39,denied,37
09h 39,refunded,3
09h 40,approved,313
09h 40,reversed,4
09h 40,denied,27
09h 40,refunded,1
09h 41,reversed,2
09h 41,refunded,1
09h 41,approved,306
09h 41,denied,31
09h 42,approved,359
09h 42,denied,41
09h 42,reversed,1
09h 43,approved,306
09h 43,reversed,2
09h 43,refunded,1
09h 43,denied,26
09h 44,approved,360
09h 44,denied,24
09h 44,refunded,2
09h 44,reversed,3
09h 45,refunded,3
09h 45,reversed,2
09h 45,approved,331
09h 45,denied,38
09h 46,reversed,2
09h 46,denied,35
09h 46,approved,352
09h 46,refunded,3
09h 47,refunded,4
09h 47,denied,41
09h 47,reversed,2
09h 47,approved,331
09h 48,denied,43
09h 48,refunded,1
09h 48,reversed,2
09h 48,backend_reversed,1
09h 48,approved,313
09h 49,backend_reversed,1
09h 49,approved,343
09h 49,refunded,1
09h 49,denied,34
09h 49,reversed,4
09h 50,refunded,3
09h 50,approved,306
09h 50,denied,41
09h 50,reversed,1
09h 51,denied,27
09h 51,refunded,2
09h 51,reversed,1
09h 51,approved,332
09h 52,approved,352
09h 52,refunded,1
09h 52,reversed,1
09h 52,denied,30
09h 53,approved,364
09h 53,denied,31
09h 53,reversed,1
09h 53,refunded,2
09h 54,denied,31
09h 54,approved,356
09h 54,reversed,3
09h 54,refunded,2
09h 55,approved,373
09h 55,refunded,3
09h 55,denied,47
09h 56,reversed,1
09h 56,denied,33
09h 56,refunded,2
09h 56,approved,383
09h 57,approved,345
09h 57,denied,41
09h 57,refunded,3
09h 58,denied,37
09h 58,reversed,4
09h 58,approved,344
09h 59,approved,339
09h 59,denied,38
09h 59,reversed,2
09h 59,backend_reversed,1
10h 00,reversed,1
10h 00,denied,29
10h 00,approved,337
10h 00,refunded,2
10h 01,approved,348
10h 01,refunded,3
10h 01,reversed,1
10h 01,denied,27
10h 02,denied,34
10h 02,approved,369
10h 02,reversed,2
10h 02,refunded,2
10h 03,approved,361
10h 03,reversed,4
10h 03,denied,42
10h 04,denied,32
10h 04,reversed,2
10h 04,approved,376
10h 04,refunded,1
10h 05,approved,343
10h 05,refunded,1
10h 05,denied,35
10h 05,reversed,3
10h 06,approved,345
10h 06,reversed,3
10h 06,refunded,2
10h 06,denied,27
10h 07,denied,24
10h 07,backend_reversed,1
10h 07,approved,343
10h 07,reversed,1
10h 08,refunded,1
10h 08,reversed,1
10h 08,approved,335
10h 08,denied,40
10h 09,approved,354
10h 09,refunded,1
10h 09,denied,36
10h 10,reversed,2
10h 10,approved,326
10h 10,denied,40
10h 11,reversed,3
10h 11,approved,373
10h 11,denied,41
10h 12,denied,44
10h 12,reversed,2
10h 12,approved,360
10h 12,refunded,2
10h 13,approved,357
10h 13,denied,41
10h 13,refunded,2
10h 13,reversed,3
10h 14,denied,35
10h 14,reversed,4
10h 14,refunded,1
10h 14,approved,342
10h 15,reversed,1
10h 15,approved,338
10h 15,refunded,1
10h 15,denied,35
10h 16,approved,340
10h 16,refunded,1
10h 16,denied,26
10h 16,backend_reversed,3
10h 16,reversed,3
10h 17,approved,391
10h 17,reversed,1
10h 17,denied,33
10h 17,refunded,1
10h 17,backend_reversed,1
10h 18,reversed,1
10h 18,denied,48
10h 18,approved,367
10h 19,approved,342
10h 19,backend_reversed,2
10h 19,refunded,1
10h 19,denied,37
10h 19,reversed,1
10h 20,denied,29
10h 20,reversed,2
10h 20,approved,345
10h 20,refunded,1
10h 21,approved,378
10h 21,reversed,5
10h 21,refunded,1
10h 21,denied,30
10h 22,denied,39
10h 22,approved,342
10h 22,reversed,4
10h 23,approved,359
10h 23,refunded,1
10h 23,reversed,2
10h 23,denied,34
10h 24,reversed,2
10h 24,approved,365
10h 24,denied,44
10h 25,refunded,1
10h 25,denied,40
10h 25,approved,368
10h 26,denied,36
10h 26,approved,331
10h 27,refunded,1
10h 27,denied,41
10h 27,approved,365
10h 28,approved,382
10h 28,reversed,3
10h 28,denied,33
10h 29,approved,367
10h 29,reversed,1
10h 29,refunded,2
10h 29,denied,52
10h 30,denied,37
10h 30,approved,368
10h 30,reversed,1
10h 31,refunded,1
10h 31,denied,31
10h 31,approved,365
10h 32,reversed,1
10h 32,denied,37
10h 32,approved,348
10h 32,refunded,3
10h 33,denied,35
10h 33,approved,364
10h 33,refunded,2
10h 33,reversed,3
10h 34,denied,55
10h 34,reversed,5
10h 34,refunded,2
10h 34,approved,390
10h 35,denied,35
10h 35,approved,354
10h 35,refunded,1
10h 36,denied,39
10h 36,reversed,3
10h 36,approved,364
10h 37,approved,374
10h 37,denied,37
10h 37,refunded,1
10h 38,denied,33
10h 38,reversed,1
10h 38,approved,362
10h 38,refunded,1
10h 39,approved,358
10h 39,denied,43
10h 39,refunded,2
10h 39,reversed,4
10h 40,backend_reversed,1
10h 40,approved,349
10h 40,denied,43
10h 40,reversed,1
10h 40,refunded,1
10h 41,reversed,2
10h 41,approved,381
10h 41,refunded,1
10h 41,denied,38
10h 42,approved,367
10h 42,denied,49
10h 43,reversed,2
10h 43,approved,370
10h 43,denied,53
10h 43,refunded,1
10h 44,denied,42
10h 44,approved,381
10h 45,reversed,1
10h 45,approved,366
10h 45,denied,27
10h 46,denied,43
10h 46,reversed,5
10h 46,refunded,1
10h 46,approved,362
10h 47,denied,44
10h 47,backend_reversed,1
10h 47,approved,349
10h 47,reversed,3
10h 47,refunded,1
10h 48,denied,38
10h 48,refunded,1
10h 48,approved,405
10h 48,reversed,3
10h 49,denied,39
10h 49,reversed,2
10h 49,approved,352
10h 49,refunded,1
10h 49,backend_reversed,1
10h 50,reversed,2
10h 50,backend_reversed,1
10h 50,failed,1
10h 50,approved,367
10h 50,denied,41
10h 51,denied,37
10h 51,reversed,7
10h 51,approved,323
10h 51,backend_reversed,32
10h 51,refunded,1
10h 52,reversed,8
10h 52,denied,34
10h 52,approved,338
10h 52,backend_reversed,37
10h 52,refunded,1
10h 53,backend_reversed,55
10h 53,denied,35
10h 53,reversed,6
10h 53,refunded,1
10h 53,approved,347
10h 54,approved,332
10h 54,reversed,10
10h 54,denied,43
10h 54,refunded,1
10h 54,backend_reversed,44
10h 55,backend_reversed,40
10h 55,denied,34
10h 55,reversed,11
10h 55,approved,344
10h 56,approved,418
10h 56,backend_reversed,1
10h 56,denied,47
10h 56,reversed,2
10h 57,denied,40
10h 57,approved,369
10h 57,reversed,1
10h 58,reversed,2
10h 58,backend_reversed,1
10h 58,approved,349
10h 58,denied,41
10h 59,approved,379
10h 59,denied,25
11h 00,approved,371
11h 00,refunded,3
11h 00,denied,42
11h 01,denied,39
11h 01,reversed,2
11h 01,approved,389
11h 02,approved,391
11h 02,denied,34
11h 02,reversed,4
11h 03,approved,354
11h 03,denied,44
11h 04,reversed,3
11h 04,approved,394
11h 04,backend_reversed,1
11h 04,refunded,2
11h 04,denied,37
11h 05,reversed,4
11h 05,approved,378
11h 05,refunded,2
11h 05,denied,34
11h 06,denied,33
11h 06,approved,378
11h 06,reversed,1
11h 07,approved,403
11h 07,refunded,1
11h 07,denied,35
11h 07,reversed,6
11h 08,refunded,2
11h 08,approved,403
11h 08,denied,46
11h 08,reversed,1
11h 09,denied,40
11h 09,approved,410
11h 09,refunded,2
11h 09,reversed,3
11h 10,approved,401
11h 10,backend_reversed,2
11h 10,reversed,3
11h 10,denied,41
11h 11,refunded,1
11h 11,approved,423
11h 11,reversed,8
11h 11,denied,48
11h 12,reversed,5
11h 12,approved,345
11h 12,denied,51
11h 13,approved,397
11h 13,denied,43
11h 13,reversed,8
11h 13,refunded,2
11h 14,denied,37
11h 14,refunded,2
11h 14,approved,380
11h 14,reversed,2
11h 15,approved,377
11h 15,reversed,2
11h 15,denied,35
11h 15,refunded,1
11h 16,approved,346
11h 16,denied,43
11h 17,approved,333
11h 17,backend_reversed,1
11h 17,reversed,3
11h 17,denied,45
11h 18,reversed,3
11h 18,denied,47
11h 18,approved,404
11h 18,refunded,1
11h 19,approved,359
11h 19,reversed,1
11h 19,denied,25
11h 20,approved,337
11h 20,denied,36
11h 20,reversed,5
11h 20,failed,1
11h 21,approved,354
11h 21,refunded,1
11h 21,denied,43
11h 21,reversed,3
11h 22,denied,40
11h 22,approved,394
11h 22,reversed,1
11h 22,refunded,1
11h 23,denied,35
11h 23,approved,354
11h 23,refunded,1
11h 24,reversed,3
11h 24,approved,376
11h 24,refunded,3
11h 24,backend_reversed,2
11h 24,denied,42
11h 25,denied,55
11h 25,reversed,2
11h 25,approved,366
11h 26,denied,38
11h 26,approved,383
11h 26,refunded,1
11h 26,reversed,3
11h 27,backend_reversed,1
11h 27,refunded,1
11h 27,approved,355
11h 27,denied,41
11h 27,reversed,4
11h 28,reversed,3
11h 28,approved,399
11h 28,refunded,2
11h 28,backend_reversed,1
11h 28,denied,29
11h 29,denied,41
11h 29,refunded,1
11h 29,approved,394
11h 29,reversed,2
11h 30,denied,38
11h 30,reversed,1
11h 30,approved,360
11h 31,reversed,3
11h 31,denied,38
11h 31,approved,339
11h 32,denied,38
11h 32,reversed,2
11h 32,approved,372
11h 33,reversed,4
11h 33,denied,48
11h 33,approved,365
11h 34,denied,49
11h 34,reversed,3
11h 34,approved,373
11h 35,reversed,2
11h 35,denied,35
11h 35,approved,396
11h 36,approved,423
11h 36,denied,34
11h 36,reversed,1
11h 37,approved,379
11h 37,denied,41
11h 38,approved,374
11h 38,reversed,4
11h 38,denied,29
11h 38,refunded,2
11h 39,approved,376
11h 39,reversed,1
11h 39,refunded,1
11h 39,denied,42
11h 40,approved,372
11h 40,denied,43
11h 40,reversed,1
11h 41,approved,365
11h 41,denied,32
11h 41,reversed,1
11h 41,refunded,1
11h 42,refunded,1
11h 42,denied,25
11h 42,approved,393
11h 42,reversed,1
11h 43,approved,385
11h 43,denied,30
11h 44,denied,41
11h 44,refunded,1
11h 44,reversed,1
11h 44,approved,366
11h 45,denied,39
11h 45,approved,373
11h 45,refunded,1
11h 45,reversed,2
11h 46,reversed,2
11h 46,approved,355
11h 46,refunded,1
11h 46,denied,39
11h 47,refunded,2
11h 47,approved,378
11h 47,reversed,2
11h 47,denied,48
11h 48,approved,387
11h 48,denied,38
11h 48,reversed,1
11h 49,reversed,1
11h 49,denied,41
11h 49,approved,382
11h 50,reversed,4
11h 50,denied,49
11h 50,approved,389
11h 51,approved,342
11h 51,reversed,4
11h 51,denied,55
11h 52,approved,365
11h 52,denied,40
11h 52,reversed,2
11h 52,refunded,1
11h 53,denied,38
11h 53,reversed,1
11h 53,approved,400
11h 54,denied,39
11h 54,approved,339
11h 54,reversed,1
11h 55,reversed,3
11h 55,approved,389
11h 55,denied,40
11h 55,refunded,2
11h 55,backend_reversed,1
11h 56,approved,328
11h 56,reversed,2
11h 56,denied,40
11h 57,denied,40
11h 57,reversed,2
11h 57,approved,368
11h 58,reversed,3
11h 58,refunded,1
11h 58,denied,44
11h 58,approved,398
11h 59,approved,333
11h 59,denied,24
11h 59,reversed,3
12h 00,denied,35
12h 00,approved,327
12h 00,refunded,1
12h 00,reversed,2
12h 01,approved,350
12h 01,refunded,1
12h 01,denied,42
12h 01,reversed,3
12h 02,reversed,2
12h 02,denied,34
12h 02,approved,370
12h 03,approved,345
12h 03,denied,27
12h 03,refunded,1
12h 03,reversed,2
12h 04,approved,369
12h 04,refunded,1
12h 04,denied,33
12h 04,reversed,4
12h 05,denied,33
12h 05,approved,338
12h 06,approved,350
12h 06,denied,35
12h 06,reversed,4
12h 07,approved,137
12h 07,denied,15
12h 07,reversed,1
12h 07,processing,2
12h 07,backend_reversed,2
12h 08,denied,20
12h 08,reversed,3
12h 08,approved,225
12h 09,approved,513
12h 09,reversed,9
12h 09,refunded,1
12h 09,denied,41
12h 10,denied,41
12h 10,approved,371
12h 10,refunded,2
12h 10,reversed,4
12h 11,denied,30
12h 11,approved,326
12h 11,reversed,6
12h 12,approved,347
12h 12,reversed,3
12h 12,denied,20
12h 12,refunded,1
12h 13,refunded,1
12h 13,denied,37
12h 13,approved,337
12h 13,reversed,4
12h 14,approved,334
12h 14,denied,26
12h 15,approved,335
12h 15,denied,37
12h 15,reversed,2
12h 16,denied,38
12h 16,backend_reversed,1
12h 16,reversed,2
12h 16,approved,307
12h 17,reversed,5
12h 17,denied,39
12h 17,approved,329
12h 17,refunded,3
12h 18,denied,26
12h 18,reversed,1
12h 18,approved,335
12h 19,denied,25
12h 19,reversed,3
12h 19,approved,303
12h 20,approved,327
12h 20,denied,31
12h 20,reversed,2
12h 21,approved,324
12h 21,reversed,2
12h 21,denied,35
12h 22,denied,30
12h 22,refunded,1
12h 22,approved,281
12h 22,reversed,4
12h 23,reversed,4
12h 23,approved,300
12h 23,denied,26
12h 24,denied,29
12h 24,backend_reversed,1
12h 24,approved,298
12h 24,reversed,4
12h 25,denied,21
12h 25,approved,312
12h 25,refunded,1
12h 26,approved,298
12h 26,denied,40
12h 26,reversed,3
12h 27,approved,295
12h 27,reversed,1
12h 27,denied,32
12h 28,approved,313
12h 28,reversed,3
12h 28,denied,15
12h 29,approved,349
12h 29,denied,26
12h 29,reversed,3
12h 30,approved,289
12h 30,refunded,2
12h 30,denied,27
12h 30,reversed,1
12h 31,denied,27
12h 31,approved,301
12h 31,reversed,2
12h 32,refunded,2
12h 32,denied,18
12h 32,approved,265
12h 32,reversed,4
12h 33,denied,22
12h 33,reversed,2
12h 33,approved,308
12h 34,reversed,4
12h 34,denied,26
12h 34,backend_reversed,1
12h 34,approved,286
12h 35,approved,288
12h 35,refunded,4
12h 35,denied,19
12h 35,reversed,2
12h 36,refunded,1
12h 36,denied,27
12h 36,approved,265
12h 37,denied,31
12h 37,reversed,2
12h 37,refunded,1
12h 37,approved,277
12h 38,reversed,3
12h 38,approved,286
12h 38,denied,32
12h 39,reversed,2
12h 39,denied,26
12h 39,approved,315
12h 39,failed,1
12h 40,refunded,1
12h 40,approved,281
12h 40,denied,30
12h 40,failed,1
12h 40,reversed,4
12h 41,denied,27
12h 41,reversed,1
12h 41,approved,301
12h 42,refunded,1
12h 42,reversed,2
12h 42,approved,269
12h 42,denied,36
12h 43,approved,278
12h 43,denied,36
12h 43,reversed,3
12h 44,reversed,1
12h 44,denied,34
12h 44,approved,281
12h 45,approved,283
12h 45,denied,30
12h 45,reversed,3
12h 46,approved,292
12h 46,denied,24
12h 47,backend_reversed,1
12h 47,denied,20
12h 47,approved,272
12h 47,refunded,2
12h 48,reversed,1
12h 48,denied,31
12h 48,approved,303
12h 49,refunded,2
12h 49,denied,25
12h 49,approved,281
12h 50,refunded,1
12h 50,approved,248
12h 50,reversed,2
12h 50,denied,23
12h 51,denied,25
12h 51,approved,283
12h 51,reversed,3
12h 52,denied,22
12h 52,reversed,1
12h 52,backend_reversed,2
12h 52,approved,295
12h 52,refunded,1
12h 53,denied,32
12h 53,reversed,1
12h 53,approved,259
12h 53,refunded,1
12h 54,reversed,1
12h 54,approved,268
12h 54,denied,31
12h 55,denied,23
12h 55,approved,318
12h 56,denied,24
12h 56,approved,277
12h 56,reversed,2
12h 57,denied,29
12h 57,reversed,1
12h 57,backend_reversed,1
12h 57,approved,293
12h 58,approved,283
12h 58,denied,30
12h 58,refunded,2
12h 58,reversed,3
12h 59,denied,35
12h 59,refunded,1
12h 59,reversed,1
12h 59,approved,277
13h 00,approved,278
13h 00,denied,19
13h 01,reversed,1
13h 01,approved,271
13h 01,denied,30
13h 02,reversed,3
13h 02,denied,29
13h 02,refunded,1
13h 02,failed,1
13h 02,approved,291
13h 03,refunded,1
13h 03,approved,253
13h 03,denied,21
13h 04,refunded,2
13h 04,denied,31
13h 04,approved,265
13h 05,approved,289
13h 05,refunded,1
13h 05,reversed,1
13h 05,denied,24
13h 06,denied,28
13h 06,refunded,1
13h 06,reversed,2
13h 06,approved,303
13h 07,denied,25
13h 07,reversed,1
13h 07,approved,287
13h 08,denied,36
13h 08,approved,290
13h 08,reversed,2
13h 09,approved,272
13h 09,reversed,1
13h 09,denied,17
13h 10,denied,35
13h 10,backend_reversed,1
13h 10,approved,290
13h 11,refunded,1
13h 11,denied,23
13h 11,reversed,1
13h 11,approved,308
13h 12,denied,23
13h 12,approved,264
13h 12,reversed,2
13h 13,denied,27
13h 13,refunded,1
13h 13,approved,293
13h 13,reversed,1
13h 14,denied,26
13h 14,approved,278
13h 15,denied,30
13h 15,reversed,1
13h 15,approved,285
13h 16,approved,290
13h 16,denied,20
13h 16,reversed,1
13h 16,refunded,1
13h 17,reversed,3
13h 17,denied,27
13h 17,approved,288
13h 18,denied,28
13h 18,approved,253
13h 18,reversed,1
13h 19,reversed,6
13h 19,approved,284
13h 19,denied,38
13h 20,approved,278
13h 20,denied,27
13h 21,approved,294
13h 21,refunded,1
13h 21,reversed,1
13h 21,denied,32
13h 22,reversed,1
13h 22,approved,265
13h 22,denied,44
13h 22,backend_reversed,1
13h 23,refunded,1
13h 23,approved,264
13h 23,denied,24
13h 23,reversed,1
13h 24,reversed,2
13h 24,refunded,1
13h 24,approved,285
13h 24,denied,30
13h 25,approved,285
13h 25,refunded,1
13h 25,denied,34
13h 25,reversed,2
13h 26,reversed,1
13h 26,approved,281
13h 26,denied,47
13h 27,refunded,2
13h 27,approved,277
13h 27,denied,30
13h 28,approved,270
13h 28,reversed,1
13h 28,denied,27
13h 28,refunded,1
13h 29,denied,35
13h 29,approved,305
13h 29,reversed,2
13h 30,reversed,1
13h 30,denied,25
13h 30,approved,272
13h 31,denied,28
13h 31,approved,286
13h 31,reversed,1
13h 32,approved,286
13h 32,denied,25
13h 32,reversed,2
13h 32,refunded,1
13h 33,reversed,1
13h 33,approved,306
13h 33,denied,34
13h 34,denied,19
13h 34,reversed,5
13h 34,approved,271
13h 34,refunded,2
13h 35,denied,26
13h 35,reversed,1
13h 35,approved,282
13h 36,approved,284
13h 36,reversed,3
13h 36,denied,22
13h 37,reversed,1
13h 37,refunded,1
13h 37,approved,268
13h 37,denied,23
13h 38,reversed,2
13h 38,approved,270
13h 38,denied,22
13h 39,approved,272
13h 39,reversed,5
13h 39,denied,11
13h 40,reversed,2
13h 40,approved,269
13h 40,refunded,1
13h 40,denied,23
13h 41,approved,282
13h 41,denied,23
13h 41,reversed,5
13h 42,denied,25
13h 42,approved,272
13h 42,reversed,2
13h 43,denied,41
13h 43,reversed,2
13h 43,approved,270
13h 43,refunded,1
13h 44,denied,36
13h 44,refunded,2
13h 44,approved,305
13h 44,reversed,1
13h 45,refunded,1
13h 45,approved,322
13h 45,denied,40
13h 46,approved,294
13h 46,denied,26
13h 46,reversed,2
13h 46,refunded,1
13h 47,refunded,2
13h 47,denied,27
13h 47,approved,317
13h 48,approved,294
13h 48,reversed,1
13h 48,denied,36
13h 48,refunded,3
13h 49,denied,23
13h 49,reversed,1
13h 49,approved,317
13h 50,reversed,2
13h 50,approved,286
13h 50,refunded,1
13h 50,denied,29
13h 51,backend_reversed,1
13h 51,approved,306
13h 51,denied,25
13h 52,approved,305
13h 52,denied,35
13h 53,denied,20
13h 53,reversed,3
13h 53,approved,302
13h 54,reversed,3
13h 54,approved,299
13h 54,denied,29
13h 54,refunded,1
13h 55,approved,336
13h 55,denied,23
13h 55,reversed,5
13h 55,refunded,2
13h 56,reversed,3
13h 56,approved,308
13h 56,denied,25
13h 57,denied,33
13h 57,refunded,1
13h 57,approved,264
13h 58,refunded,2
13h 58,reversed,5
13h 58,approved,293
13h 58,denied,37
13h 59,backend_reversed,1
13h 59,approved,299
13h 59,reversed,1
13h 59,denied,37
14h 00,refunded,1
14h 00,approved,287
14h 00,denied,30
14h 00,reversed,1
14h 01,denied,35
14h 01,approved,297
14h 01,refunded,1
14h 01,reversed,1
14h 02,denied,25
14h 02,reversed,1
14h 02,approved,310
14h 03,denied,29
14h 03,backend_reversed,1
14h 03,approved,319
14h 03,reversed,1
14h 04,reversed,2
14h 04,approved,301
14h 04,denied,24
14h 05,reversed,3
14h 05,denied,34
14h 05,approved,288
14h 06,reversed,1
14h 06,approved,333
14h 06,denied,29
14h 07,approved,307
14h 07,denied,26
14h 07,reversed,2
14h 08,refunded,1
14h 08,denied,30
14h 08,approved,353
14h 09,approved,300
14h 09,denied,30
14h 09,reversed,1
14h 10,denied,31
14h 10,reversed,2
14h 10,approved,337
14h 10,refunded,1
14h 11,reversed,1
14h 11,refunded,2
14h 11,denied,41
14h 11,approved,328
14h 12,approved,301
14h 12,backend_reversed,1
14h 12,reversed,2
14h 12,denied,29
14h 13,approved,316
14h 13,denied,29
14h 13,reversed,2
14h 14,denied,35
14h 14,reversed,3
14h 14,approved,338
14h 15,denied,31
14h 15,reversed,2
14h 15,backend_reversed,1
14h 15,refunded,1
14h 15,approved,313
14h 16,reversed,3
14h 16,approved,309
14h 16,denied,25
14h 17,denied,34
14h 17,refunded,3
14h 17,approved,346
14h 18,approved,308
14h 18,reversed,2
14h 18,denied,33
14h 19,denied,32
14h 19,reversed,1
14h 19,backend_reversed,1
14h 19,approved,319
14h 20,denied,37
14h 20,approved,335
14h 21,approved,311
14h 21,denied,30
14h 22,approved,306
14h 22,reversed,3
14h 22,denied,37
14h 22,refunded,2
14h 23,denied,32
14h 23,reversed,1
14h 23,approved,351
14h 24,reversed,3
14h 24,denied,36
14h 24,refunded,2
14h 24,approved,314
14h 25,approved,359
14h 25,denied,30
14h 26,approved,318
14h 26,denied,24
14h 26,reversed,3
14h 27,denied,36
14h 27,approved,300
14h 27,reversed,2
14h 28,denied,29
14h 28,refunded,1
14h 28,approved,355
14h 28,reversed,2
14h 29,refunded,1
14h 29,approved,313
14h 29,denied,29
14h 30,denied,32
14h 30,reversed,6
14h 30,approved,320
14h 31,backend_reversed,1
14h 31,denied,40
14h 31,approved,319
14h 32,refunded,1
14h 32,reversed,4
14h 32,approved,314
14h 32,denied,24
14h 33,approved,291
14h 33,reversed,2
14h 33,denied,32
14h 33,refunded,1
14h 34,refunded,1
14h 34,approved,314
14h 34,reversed,2
14h 34,denied,20
14h 35,refunded,1
14h 35,approved,318
14h 35,denied,36
14h 35,reversed,4
14h 36,denied,38
14h 36,approved,325
14h 36,reversed,1
14h 36,refunded,2
14h 37,approved,349
14h 37,denied,38
14h 37,reversed,1
14h 38,backend_reversed,1
14h 38,denied,32
14h 38,reversed,2
14h 38,approved,323
14h 38,refunded,2
14h 39,approved,320
14h 39,refunded,3
14h 39,denied,37
14h 40,refunded,2
14h 40,approved,330
14h 40,denied,40
14h 40,reversed,2
14h 41,approved,325
14h 41,reversed,3
14h 41,denied,32
14h 42,reversed,1
14h 42,refunded,1
14h 42,denied,32
14h 42,approved,363
14h 43,reversed,4
14h 43,approved,382
14h 43,denied,31
14h 44,denied,37
14h 44,reversed,2
14h 44,approved,348
14h 45,denied,35
14h 45,refunded,1
14h 45,reversed,3
14h 45,approved,337
14h 46,approved,322
14h 46,denied,33
14h 46,reversed,3
14h 47,denied,26
14h 47,reversed,1
14h 47,approved,352
14h 48,approved,330
14h 48,denied,27
14h 48,reversed,2
14h 48,refunded,1
14h 49,approved,370
14h 49,denied,38
14h 49,reversed,1
14h 49,refunded,1
14h 50,approved,349
14h 50,reversed,1
14h 50,denied,26
14h 50,refunded,1
14h 51,denied,25
14h 51,approved,371
14h 51,refunded,1
14h 51,reversed,2
14h 52,refunded,3
14h 52,approved,363
14h 52,denied,20
14h 52,reversed,2
14h 53,approved,321
14h 53,refunded,2
14h 53,reversed,2
14h 53,denied,39
14h 54,refunded,1
14h 54,denied,27
14h 54,reversed,2
14h 54,approved,355
14h 55,approved,358
14h 55,reversed,1
14h 55,denied,46
14h 55,refunded,1
14h 56,denied,44
14h 56,reversed,4
14h 56,refunded,2
14h 56,approved,355
14h 57,denied,40
14h 57,approved,357
14h 57,reversed,1
14h 58,refunded,2
14h 58,denied,55
14h 58,approved,353
14h 58,reversed,2
14h 59,approved,342
14h 59,denied,40
14h 59,refunded,1
14h 59,reversed,2
15h 00,refunded,1
15h 00,approved,343
15h 00,denied,37
15h 00,reversed,2
15h 01,denied,38
15h 01,refunded,3
15h 01,approved,348
15h 01,backend_reversed,1
15h 01,reversed,2
15h 02,approved,358
15h 02,denied,47
15h 02,refunded,2
15h 02,reversed,1
15h 03,backend_reversed,1
15h 03,denied,45
15h 03,approved,346
15h 03,reversed,2
15h 04,approved,372
15h 04,denied,34
15h 04,refunded,1
15h 04,reversed,2
15h 05,approved,398
15h 05,reversed,3
15h 05,denied,32
15h 06,approved,361
15h 06,reversed,1
15h 06,denied,27
15h 06,backend_reversed,1
15h 07,reversed,4
15h 07,denied,37
15h 07,approved,374
15h 08,denied,40
15h 08,approved,344
15h 08,refunded,2
15h 08,reversed,2
15h 08,backend_reversed,1
15h 09,reversed,2
15h 09,denied,25
15h 09,approved,387
15h 10,denied,32
15h 10,approved,385
15h 11,approved,386
15h 11,refunded,1
15h 11,denied,27
15h 11,reversed,2
15h 12,denied,29
15h 12,refunded,1
15h 12,approved,398
15h 12,reversed,2
15h 13,approved,396
15h 13,denied,37
15h 13,reversed,1
15h 14,refunded,2
15h 14,approved,359
15h 14,reversed,1
15h 14,denied,31
15h 15,reversed,2
15h 15,denied,36
15h 15,refunded,1
15h 15,approved,377
15h 16,denied,39
15h 16,approved,388
15h 16,reversed,1
15h 16,refunded,2
15h 17,refunded,1
15h 17,reversed,1
15h 17,approved,366
15h 17,denied,36
15h 18,approved,361
15h 18,refunded,1
15h 18,reversed,3
15h 18,denied,36
15h 19,approved,385
15h 19,reversed,1
15h 19,denied,50
15h 20,approved,403
15h 20,denied,45
15h 20,reversed,4
15h 21,reversed,3
15h 21,denied,44
15h 21,approved,390
15h 22,reversed,2
15h 22,denied,40
15h 22,approved,415
15h 22,refunded,1
15h 22,backend_reversed,1
15h 23,reversed,1
15h 23,refunded,1
15h 23,denied,36
15h 23,approved,365
15h 23,backend_reversed,1
15h 24,denied,36
15h 24,approved,361
15h 25,reversed,1
15h 25,approved,380
15h 25,denied,41
15h 26,denied,42
15h 26,approved,385
15h 26,reversed,1
15h 27,reversed,1
15h 27,approved,386
15h 27,denied,34
15h 28,reversed,1
15h 28,denied,46
15h 28,approved,403
15h 29,refunded,1
15h 29,denied,40
15h 29,approved,405
15h 29,reversed,3
15h 30,denied,30
15h 30,approved,391
15h 30,reversed,1
15h 30,refunded,3
15h 31,backend_reversed,1
15h 31,approved,378
15h 31,denied,28
15h 31,refunded,1
15h 31,reversed,1
15h 32,denied,38
15h 32,approved,387
15h 32,reversed,3
15h 33,reversed,2
15h 33,approved,414
15h 33,denied,25
15h 33,backend_reversed,1
15h 34,approved,334
15h 34,denied,31
15h 34,reversed,1
15h 35,approved,400
15h 35,reversed,2
15h 35,denied,50
15h 36,denied,39
15h 36,backend_reversed,1
15h 36,approved,382
15h 36,reversed,5
15h 37,denied,45
15h 37,approved,416
15h 38,denied,46
15h 38,approved,417
15h 38,reversed,3
15h 39,approved,373
15h 39,denied,35
15h 39,reversed,1
15h 39,refunded,1
15h 40,reversed,1
15h 40,refunded,1
15h 40,approved,419
15h 40,denied,38
15h 41,approved,404
15h 41,denied,43
15h 41,reversed,1
15h 42,reversed,2
15h 42,denied,36
15h 42,approved,408
15h 42,refunded,1
15h 43,approved,429
15h 43,reversed,3
15h 43,denied,48
15h 44,refunded,1
15h 44,reversed,3
15h 44,denied,41
15h 44,approved,386
15h 45,denied,43
15h 45,approved,434
15h 46,denied,46
15h 46,reversed,1
15h 46,approved,408
15h 46,backend_reversed,1
15h 46,refunded,1
15h 47,approved,406
15h 47,reversed,2
15h 47,refunded,2
15h 47,denied,46
15h 48,approved,437
15h 48,denied,47
15h 48,reversed,2
15h 49,denied,45
15h 49,approved,399
15h 49,refunded,1
15h 49,reversed,1
15h 50,reversed,3
15h 50,approved,405
15h 50,denied,51
15h 51,denied,55
15h 51,approved,414
15h 51,reversed,3
15h 52,refunded,1
15h 52,approved,438
15h 52,denied,39
15h 53,approved,378
15h 53,reversed,4
15h 53,denied,39
15h 54,denied,44
15h 54,approved,403
15h 54,reversed,5
15h 55,refunded,2
15h 55,reversed,4
15h 55,approved,389
15h 55,denied,54
15h 56,backend_reversed,1
15h 56,denied,43
15h 56,approved,418
15h 56,reversed,3
15h 56,refunded,2
15h 57,reversed,4
15h 57,approved,393
15h 57,denied,41
15h 58,refunded,2
15h 58,denied,47
15h 58,reversed,4
15h 58,approved,428
15h 59,denied,41
15h 59,approved,392
15h 59,reversed,1
16h 00,reversed,2
16h 00,approved,418
16h 00,denied,42
16h 01,reversed,4
16h 01,approved,392
16h 01,denied,43
16h 01,backend_reversed,1
16h 02,reversed,2
16h 02,denied,39
16h 02,approved,424
16h 03,approved,428
16h 03,reversed,1
16h 03,denied,46
16h 03,refunded,2
16h 04,denied,39
16h 04,backend_reversed,1
16h 04,approved,439
16h 04,reversed,4
16h 05,denied,37
16h 05,refunded,1
16h 05,approved,421
16h 06,denied,49
16h 06,reversed,4
16h 06,approved,473
16h 06,refunded,1
16h 07,denied,40
16h 07,approved,471
16h 07,failed,1
16h 07,reversed,3
16h 07,refunded,5
16h 08,denied,46
16h 08,approved,450
16h 08,reversed,1
16h 08,failed,1
16h 08,backend_reversed,1
16h 09,refunded,3
16h 09,reversed,5
16h 09,approved,448
16h 09,denied,37
16h 10,reversed,4
16h 10,denied,42
16h 10,approved,427
16h 10,refunded,3
16h 11,approved,443
16h 11,reversed,2
16h 11,refunded,1
16h 11,denied,49
16h 12,approved,463
16h 12,reversed,7
16h 12,denied,53
16h 13,reversed,3
16h 13,approved,426
16h 13,denied,56
16h 14,approved,414
16h 14,reversed,2
16h 14,refunded,1
16h 14,denied,53
16h 14,failed,5
16h 15,refunded,1
16h 15,denied,53
16h 15,approved,412
16h 15,failed,5
16h 15,reversed,3
16h 16,approved,433
16h 16,denied,37
16h 16,failed,4
16h 16,reversed,1
16h 17,approved,448
16h 17,failed,8
16h 17,refunded,1
16h 17,denied,51
16h 17,reversed,1
16h 18,reversed,3
16h 18,failed,5
16h 18,refunded,3
16h 18,denied,35
16h 18,backend_reversed,1
16h 18,approved,402
16h 19,reversed,1
16h 19,approved,420
16h 19,refunded,1
16h 19,denied,48
16h 19,failed,5
16h 20,approved,435
16h 20,denied,53
16h 20,reversed,3
16h 20,failed,8
16h 21,approved,458
16h 21,denied,43
16h 21,reversed,3
16h 21,failed,7
16h 22,failed,2
16h 22,denied,56
16h 22,reversed,1
16h 22,refunded,2
16h 22,approved,411
16h 23,denied,105
16h 23,backend_reversed,1
16h 23,approved,406
16h 23,reversed,1
16h 23,failed,8
16h 24,approved,423
16h 24,failed,8
16h 24,denied,117
16h 24,refunded,2
16h 25,reversed,4
16h 25,failed,3
16h 25,approved,417
16h 25,denied,112
16h 25,refunded,1
16h 26,reversed,5
16h 26,approved,403
16h 26,backend_reversed,1
16h 26,denied,151
16h 26,failed,9
16h 27,approved,454
16h 27,failed,6
16h 27,denied,144
16h 27,backend_reversed,1
16h 27,reversed,4
16h 28,failed,4
16h 28,reversed,3
16h 28,approved,445
16h 28,denied,101
16h 28,backend_reversed,1
16h 29,approved,420
16h 29,denied,109
16h 29,failed,6
16h 29,refunded,1
16h 29,reversed,5
16h 30,failed,9
16h 30,approved,408
16h 30,refunded,2
16h 30,denied,113
16h 31,failed,10
16h 31,reversed,4
16h 31,denied,93
16h 31,refunded,1
16h 31,approved,435
16h 32,denied,57
16h 32,approved,478
16h 32,failed,8
16h 32,refunded,2
16h 32,reversed,3
16h 33,denied,38
16h 33,reversed,5
16h 33,refunded,1
16h 33,failed,6
16h 33,approved,446
16h 34,denied,51
16h 34,failed,7
16h 34,approved,446
16h 35,failed,11
16h 35,denied,38
16h 35,approved,473
16h 35,reversed,2
16h 36,reversed,3
16h 36,failed,9
16h 36,approved,456
16h 36,denied,37
16h 37,failed,11
16h 37,denied,40
16h 37,backend_reversed,1
16h 37,approved,477
16h 38,reversed,2
16h 38,denied,37
16h 38,approved,453
16h 38,failed,11
16h 38,refunded,1
16h 39,denied,36
16h 39,failed,11
16h 39,approved,453
16h 39,refunded,1
16h 40,approved,449
16h 40,failed,7
16h 40,reversed,4
16h 40,denied,47
16h 41,failed,13
16h 41,refunded,1
16h 41,denied,39
16h 41,approved,466
16h 41,reversed,3
16h 42,failed,5
16h 42,refunded,1
16h 42,backend_reversed,1
16h 42,approved,464
16h 42,reversed,2
16h 42,denied,35
16h 43,backend_reversed,1
16h 43,denied,36
16h 43,approved,428
16h 43,failed,15
16h 43,refunded,1
16h 43,reversed,2
16h 44,approved,425
16h 44,failed,10
16h 44,refunded,1
16h 44,reversed,2
16h 44,denied,73
16h 45,reversed,2
16h 45,denied,100
16h 45,failed,13
16h 45,approved,460
16h 46,failed,13
16h 46,refunded,1
16h 46,denied,147
16h 46,approved,407
16h 46,reversed,3
16h 47,approved,466
16h 47,failed,15
16h 47,denied,88
16h 47,reversed,3
16h 48,denied,92
16h 48,failed,12
16h 48,approved,426
16h 48,refunded,3
16h 48,reversed,1
16h 49,denied,109
16h 49,approved,423
16h 49,failed,5
16h 49,reversed,3
16h 50,denied,84
16h 50,approved,446
16h 50,reversed,6
16h 50,failed,11
16h 51,failed,6
16h 51,refunded,1
16h 51,approved,414
16h 51,denied,128
16h 51,reversed,3
16h 52,denied,105
16h 52,failed,11
16h 52,approved,459
16h 52,reversed,2
16h 52,backend_reversed,1
16h 53,denied,75
16h 53,failed,13
16h 53,approved,504
16h 53,backend_reversed,1
16h 53,reversed,3
16h 53,refunded,1
16h 54,approved,479
16h 54,denied,46
16h 54,failed,11
16h 54,refunded,1
16h 54,reversed,1
16h 55,denied,40
16h 55,approved,497
16h 55,refunded,1
16h 55,failed,11
16h 56,reversed,4
16h 56,approved,459
16h 56,failed,15
16h 56,denied,44
16h 56,refunded,1
16h 57,denied,45
16h 57,approved,467
16h 57,reversed,3
16h 57,failed,7
16h 58,reversed,3
16h 58,denied,50
16h 58,approved,470
16h 58,refunded,1
16h 58,failed,9
16h 59,reversed,1
16h 59,approved,489
16h 59,denied,39
16h 59,failed,12
17h 00,approved,471
17h 00,refunded,2
17h 00,denied,42
17h 00,failed,6
17h 01,reversed,5
17h 01,denied,49
17h 01,failed,7
17h 01,approved,464
17h 02,denied,36
17h 02,approved,459
17h 02,failed,11
17h 02,reversed,4
17h 03,denied,49
17h 03,backend_reversed,1
17h 03,reversed,4
17h 03,failed,10
17h 03,approved,493
17h 03,refunded,1
17h 04,approved,484
17h 04,reversed,1
17h 04,failed,7
17h 04,denied,45
17h 05,denied,59
17h 05,approved,535
17h 05,failed,6
17h 05,reversed,4
17h 06,refunded,1
17h 06,approved,517
17h 06,denied,26
17h 06,reversed,1
17h 06,failed,7
17h 07,denied,43
17h 07,reversed,3
17h 07,approved,498
17h 07,refunded,2
17h 07,failed,6
17h 08,failed,16
17h 08,denied,36
17h 08,approved,473
17h 08,refunded,1
17h 08,reversed,1
17h 09,denied,45
17h 09,approved,480
17h 09,reversed,5
17h 09,failed,9
17h 10,failed,8
17h 10,reversed,2
17h 10,refunded,1
17h 10,approved,484
17h 10,denied,48
17h 11,failed,7
17h 11,denied,55
17h 11,approved,473
17h 11,reversed,4
17h 12,denied,51
17h 12,reversed,3
17h 12,refunded,2
17h 12,approved,502
17h 12,failed,11
17h 13,failed,9
17h 13,approved,515
17h 13,reversed,5
17h 13,backend_reversed,1
17h 13,denied,51
17h 14,failed,4
17h 14,reversed,2
17h 14,approved,491
17h 14,denied,45
17h 15,denied,39
17h 15,reversed,2
17h 15,failed,10
17h 15,refunded,1
17h 15,approved,560
17h 16,approved,431
17h 16,denied,92
17h 16,reversed,2
17h 16,failed,9
17h 17,reversed,1
17h 17,approved,486
17h 17,failed,14
17h 17,refunded,1
17h 17,denied,105
17h 18,approved,505
17h 18,denied,94
17h 18,reversed,2
17h 18,failed,9
17h 19,denied,105
17h 19,refunded,1
17h 19,approved,480
17h 19,failed,7
17h 20,failed,7
17h 20,denied,118
17h 20,reversed,6
17h 20,approved,458
17h 21,approved,465
17h 21,failed,10
17h 21,denied,118
17h 21,reversed,1
17h 21,refunded,1
17h 22,refunded,1
17h 22,denied,105
17h 22,failed,11
17h 22,reversed,3
17h 22,approved,465
17h 23,approved,490
17h 23,denied,110
17h 23,failed,10
17h 23,refunded,1
17h 23,reversed,4
17h 24,denied,111
17h 24,failed,8
17h 24,approved,460
17h 24,reversed,4
17h 25,failed,15
17h 25,denied,98
17h 25,backend_reversed,1
17h 25,reversed,1
17h 25,approved,480
17h 26,reversed,4
17h 26,approved,513
17h 26,failed,11
17h 26,refunded,2
17h 26,denied,46
17h 27,denied,47
17h 27,backend_reversed,1
17h 27,reversed,1
17h 27,failed,8
17h 27,approved,524
17h 28,failed,10
17h 28,reversed,5
17h 28,approved,446
17h 28,denied,59
17h 29,refunded,1
17h 29,failed,10
17h 29,denied,49
17h 29,approved,482
17h 29,reversed,5
17h 30,reversed,3
17h 30,refunded,1
17h 30,approved,474
17h 30,failed,14
17h 30,denied,46
17h 31,denied,43
17h 31,failed,10
17h 31,reversed,4
17h 31,approved,491
17h 32,approved,486
17h 32,failed,9
17h 32,denied,39
17h 32,reversed,3
17h 33,backend_reversed,1
17h 33,denied,42
17h 33,reversed,5
17h 33,failed,8
17h 33,approved,483
17h 33,refunded,1
17h 34,failed,7
17h 34,reversed,7
17h 34,approved,512
17h 34,denied,47
17h 35,approved,492
17h 35,failed,10
17h 35,reversed,4
17h 35,denied,35
17h 36,approved,476
17h 36,denied,42
17h 36,reversed,2
17h 36,failed,6
17h 37,failed,13
17h 37,reversed,2
17h 37,approved,531
17h 37,denied,47
17h 37,refunded,1
17h 38,failed,9
17h 38,reversed,2
17h 38,denied,52
17h 38,approved,498
17h 38,refunded,3
17h 39,denied,42
17h 39,approved,520
17h 39,failed,13
17h 39,reversed,1
17h 39,refunded,1
17h 40,denied,35
17h 40,backend_reversed,1
17h 40,approved,497
17h 40,failed,12
17h 40,reversed,3
17h 41,approved,503
17h 41,denied,45
17h 41,reversed,3
17h 41,failed,11
17h 42,refunded,1
17h 42,reversed,5
17h 42,denied,54
17h 42,approved,496
17h 42,failed,19
17h 43,denied,32
17h 43,refunded,1
17h 43,reversed,2
17h 43,failed,11
17h 43,approved,498
17h 44,approved,513
17h 44,failed,11
17h 44,denied,50
17h 44,reversed,4
17h 45,reversed,5
17h 45,approved,528
17h 45,denied,35
17h 45,failed,11
17h 45,refunded,1
17h 46,denied,45
17h 46,approved,516
17h 46,reversed,7
17h 46,failed,10
17h 46,refunded,1
17h 47,approved,489
17h 47,failed,13
17h 47,denied,54
17h 47,reversed,3
17h 48,failed,5
17h 48,denied,44
17h 48,approved,500
17h 48,reversed,4
17h 48,refunded,2
17h 49,failed,11
17h 49,reversed,3
17h 49,approved,485
17h 49,denied,46
17h 50,approved,485
17h 50,failed,9
17h 50,denied,37
17h 50,reversed,3
17h 51,denied,45
17h 51,failed,8
17h 51,approved,498
17h 51,refunded,1
17h 51,reversed,3
17h 52,refunded,1
17h 52,approved,440
17h 52,denied,53
17h 52,reversed,4
17h 52,failed,4
17h 53,approved,496
17h 53,denied,46
17h 53,failed,8
17h 53,reversed,4
17h 54,backend_reversed,1
17h 54,approved,472
17h 54,refunded,1
17h 54,denied,34
17h 54,failed,11
17h 54,reversed,3
17h 55,failed,11
17h 55,denied,41
17h 55,approved,454
17h 55,reversed,5
17h 56,failed,4
17h 56,denied,41
17h 56,approved,481
17h 56,reversed,5
17h 56,refunded,2
17h 57,denied,49
17h 57,approved,459
17h 57,reversed,3
17h 57,failed,11
17h 58,refunded,2
17h 58,denied,49
17h 58,approved,453
17h 58,reversed,2
17h 58,failed,8
17h 59,denied,45
17h 59,reversed,2
17h 59,failed,6
17h 59,approved,457
17h 59,refunded,3
18h 00,approved,427
18h 00,reversed,2
18h 00,denied,38
18h 00,failed,10
18h 01,denied,46
18h 01,reversed,4
18h 01,approved,429
18h 01,failed,7
18h 01,refunded,1
18h 02,reversed,2
18h 02,approved,418
18h 02,denied,41
18h 02,refunded,2
18h 02,failed,5
18h 03,denied,52
18h 03,reversed,2
18h 03,approved,444
18h 03,failed,4
18h 03,refunded,1
18h 04,refunded,2
18h 04,reversed,3
18h 04,approved,480
18h 04,denied,44
18h 04,failed,10
18h 05,failed,10
18h 05,approved,450
18h 05,denied,39
18h 05,reversed,3
18h 06,reversed,4
18h 06,failed,9
18h 06,approved,406
18h 06,denied,41
18h 06,backend_reversed,1
18h 06,refunded,1
18h 07,approved,406
18h 07,denied,44
18h 07,failed,10
18h 07,reversed,2
18h 07,refunded,1
18h 08,reversed,4
18h 08,failed,6
18h 08,approved,432
18h 08,denied,41
18h 08,refunded,1
18h 09,failed,10
18h 09,denied,40
18h 09,refunded,2
18h 09,backend_reversed,1
18h 09,reversed,4
18h 09,approved,380
18h 10,denied,30
18h 10,refunded,1
18h 10,failed,5
18h 10,approved,395
18h 10,reversed,1
18h 11,denied,31
18h 11,refunded,1
18h 11,approved,356
18h 11,failed,7
18h 11,reversed,2
18h 12,approved,426
18h 12,failed,8
18h 12,denied,47
18h 13,approved,396
18h 13,reversed,1
18h 13,failed,8
18h 13,denied,37
18h 14,approved,420
18h 14,refunded,1
18h 14,failed,7
18h 14,reversed,1
18h 14,denied,36
18h 15,denied,42
18h 15,reversed,1
18h 15,failed,7
18h 15,approved,392
18h 16,failed,8
18h 16,refunded,2
18h 16,approved,375
18h 16,denied,30
18h 16,reversed,2
18h 17,denied,29
18h 17,approved,370
18h 17,reversed,2
18h 17,failed,4
18h 17,refunded,1
18h 18,failed,5
18h 18,approved,442
18h 18,denied,49
18h 18,reversed,3
18h 19,approved,380
18h 19,denied,34
18h 19,reversed,3
18h 19,failed,5
18h 20,approved,385
18h 20,backend_reversed,1
18h 20,denied,37
18h 20,failed,8
18h 20,reversed,3
18h 21,refunded,1
18h 21,approved,369
18h 21,denied,43
18h 21,reversed,1
18h 21,failed,3
18h 22,denied,44
18h 22,approved,324
18h 22,reversed,4
18h 22,failed,3
18h 23,approved,346
18h 23,failed,6
18h 23,denied,38
18h 24,failed,7
18h 24,approved,377
18h 24,reversed,4
18h 24,denied,38
18h 24,refunded,1
18h 25,denied,44
18h 25,approved,369
18h 25,reversed,2
18h 25,failed,7
18h 26,reversed,3
18h 26,failed,5
18h 26,denied,28
18h 26,approved,357
18h 27,reversed,6
18h 27,denied,33
18h 27,failed,6
18h 27,approved,363
18h 28,approved,337
18h 28,denied,29
18h 28,failed,5
18h 28,reversed,3
18h 28,refunded,1
18h 29,approved,330
18h 29,failed,7
18h 29,reversed,2
18h 29,backend_reversed,1
18h 29,refunded,2
18h 29,denied,36
18h 30,denied,36
18h 30,failed,9
18h 30,approved,359
18h 30,backend_reversed,1
18h 31,backend_reversed,2
18h 31,approved,332
18h 31,denied,39
18h 31,reversed,2
18h 31,failed,3
18h 32,approved,330
18h 32,denied,41
18h 32,failed,4
18h 32,reversed,4
18h 33,approved,336
18h 33,reversed,1
18h 33,denied,32
18h 33,failed,6
18h 33,backend_reversed,1
18h 33,refunded,1
18h 34,reversed,1
18h 34,failed,4
18h 34,approved,302
18h 34,denied,38
18h 35,approved,293
18h 35,failed,5
18h 35,denied,32
18h 35,reversed,3
18h 36,reversed,1
18h 36,refunded,1
18h 36,failed,4
18h 36,approved,299
18h 36,denied,32
18h 37,reversed,2
18h 37,failed,3
18h 37,approved,339
18h 37,denied,41
18h 38,denied,32
18h 38,refunded,1
18h 38,approved,331
18h 38,failed,4
18h 38,reversed,2
18h 38,backend_reversed,1
18h 39,reversed,1
18h 39,refunded,1
18h 39,denied,38
18h 39,failed,3
18h 39,approved,296
18h 40,approved,316
18h 40,denied,32
18h 40,failed,8
18h 41,reversed,2
18h 41,refunded,1
18h 41,approved,347
18h 41,denied,25
18h 41,failed,6
18h 42,approved,259
18h 42,denied,27
18h 42,failed,4
18h 42,reversed,4
18h 43,denied,31
18h 43,reversed,1
18h 43,approved,317
18h 43,failed,2
18h 43,refunded,1
18h 44,approved,291
18h 44,failed,3
18h 44,denied,35
18h 44,reversed,1
18h 44,refunded,1
18h 45,denied,33
18h 45,failed,4
18h 45,approved,300
18h 46,denied,28
18h 46,reversed,2
18h 46,failed,1
18h 46,approved,282
18h 47,denied,38
18h 47,failed,1
18h 47,approved,283
18h 47,backend_reversed,1
18h 48,failed,4
18h 48,approved,313
18h 48,denied,45
18h 48,refunded,1
18h 48,reversed,1
18h 48,backend_reversed,1
18h 49,failed,4
18h 49,backend_reversed,1
18h 49,denied,31
18h 49,approved,292
18h 49,reversed,3
18h 50,denied,23
18h 50,failed,2
18h 50,approved,270
18h 50,reversed,1
18h 51,denied,29
18h 51,approved,268
18h 51,reversed,3
18h 52,approved,311
18h 52,denied,43
18h 52,reversed,1
18h 53,approved,329
18h 53,reversed,1
18h 53,denied,34
18h 54,approved,279
18h 54,denied,28
18h 54,reversed,2
18h 55,denied,29
18h 55,approved,277
18h 56,denied,27
18h 56,approved,269
18h 57,approved,259
18h 57,denied,24
18h 58,approved,278
18h 58,denied,26
18h 59,approved,239
18h 59,denied,12
19h 00,approved,269
19h 00,denied,27
19h 00,reversed,3
19h 01,refunded,1
19h 01,denied,17
19h 01,approved,247
19h 02,approved,265
19h 02,denied,29
19h 02,reversed,1
19h 03,reversed,2
19h 03,denied,24
19h 03,approved,256
19h 04,approved,254
19h 04,denied,27
19h 04,reversed,1
19h 05,denied,27
19h 05,approved,236
19h 06,approved,257
19h 06,reversed,3
19h 06,denied,29
19h 07,approved,235
19h 07,reversed,3
19h 07,denied,29
19h 08,denied,30
19h 08,approved,228
19h 09,approved,250
19h 09,reversed,1
19h 09,denied,24
19h 10,denied,19
19h 10,approved,251
19h 10,reversed,3
19h 11,approved,236
19h 11,denied,24
19h 11,reversed,2
19h 12,reversed,4
19h 12,denied,21
19h 12,approved,236
19h 13,approved,238
19h 13,denied,18
19h 14,approved,214
19h 14,denied,35
19h 14,reversed,5
19h 15,reversed,3
19h 15,denied,26
19h 15,approved,220
19h 16,denied,26
19h 16,reversed,1
19h 16,approved,238
19h 17,denied,26
19h 17,approved,247
19h 17,reversed,1
19h 18,approved,232
19h 18,reversed,3
19h 18,denied,22
19h 19,denied,31
19h 19,reversed,4
19h 19,approved,243
19h 20,reversed,2
19h 20,denied,23
19h 20,approved,225
19h 21,approved,231
19h 21,reversed,1
19h 21,denied,21
19h 22,approved,243
19h 22,reversed,1
19h 22,denied,17
19h 23,approved,231
19h 23,denied,19
19h 23,reversed,2
19h 24,denied,30
19h 24,approved,188
19h 24,failed,1
19h 25,approved,220
19h 25,refunded,1
19h 25,reversed,1
19h 25,denied,23
19h 26,approved,220
19h 26,denied,23
19h 27,denied,19
19h 27,reversed,2
19h 27,refunded,1
19h 27,approved,225
19h 28,approved,218
19h 28,refunded,1
19h 28,denied,24
19h 29,reversed,1
19h 29,approved,193
19h 29,denied,26
19h 30,approved,202
19h 30,denied,14
19h 31,approved,184
19h 31,reversed,1
19h 31,denied,21
19h 32,approved,217
19h 32,denied,29
19h 32,reversed,1
19h 33,approved,216
19h 33,denied,14
19h 33,refunded,1
19h 34,approved,198
19h 34,denied,34
19h 35,refunded,1
19h 35,denied,23
19h 35,reversed,1
19h 35,approved,205
19h 36,denied,16
19h 36,approved,198
19h 37,approved,223
19h 37,denied,20
19h 37,reversed,1
19h 37,refunded,1
19h 38,reversed,1
19h 38,denied,30
19h 38,approved,191
19h 39,denied,17
19h 39,refunded,1
19h 39,approved,191
19h 39,reversed,1
19h 40,denied,25
19h 40,refunded,1
19h 40,approved,207
19h 41,approved,190
19h 41,denied,16
19h 42,approved,180
19h 42,denied,24
19h 43,denied,13
19h 43,approved,213
19h 44,approved,184
19h 44,denied,10
19h 44,reversed,1
19h 45,denied,21
19h 45,approved,188
19h 46,approved,187
19h 46,denied,18
19h 47,denied,16
19h 47,approved,189
19h 47,reversed,2
19h 48,denied,17
19h 48,refunded,1
19h 48,approved,167
19h 49,reversed,1
19h 49,approved,203
19h 49,denied,23
19h 50,denied,21
19h 50,refunded,1
19h 50,approved,209
19h 50,reversed,1
19h 51,denied,23
19h 51,approved,159
19h 52,approved,199
19h 52,denied,27
19h 52,refunded,1
19h 53,approved,169
19h 53,denied,37
19h 53,reversed,3
19h 54,reversed,1
19h 54,denied,26
19h 54,approved,189
19h 55,refunded,2
19h 55,denied,17
19h 55,approved,197
19h 56,approved,163
19h 56,denied,16
19h 56,reversed,2
19h 57,reversed,1
19h 57,approved,187
19h 57,denied,17
19h 58,approved,194
19h 58,denied,14
19h 59,denied,20
19h 59,reversed,3
19h 59,approved,171
20h 00,approved,184
20h 00,denied,15
20h 00,backend_reversed,1
20h 01,backend_reversed,1
20h 01,reversed,1
20h 01,approved,184
20h 01,denied,27
20h 01,refunded,1
20h 02,approved,193
20h 02,denied,25
20h 03,denied,18
20h 03,reversed,1
20h 03,approved,165
20h 04,reversed,1
20h 04,denied,23
20h 04,approved,188
20h 05,approved,202
20h 05,reversed,3
20h 05,denied,23
20h 06,denied,27
20h 06,approved,165
20h 06,reversed,2
20h 07,denied,26
20h 07,reversed,1
20h 07,approved,180
20h 08,approved,164
20h 08,denied,26
20h 08,reversed,1
20h 09,approved,170
20h 09,reversed,1
20h 09,denied,21
20h 10,reversed,1
20h 10,refunded,1
20h 10,approved,149
20h 10,denied,15
20h 11,denied,17
20h 11,reversed,1
20h 11,approved,190
20h 12,denied,20
20h 12,approved,178
20h 13,denied,27
20h 13,approved,156
20h 13,reversed,1
20h 14,refunded,1
20h 14,denied,21
20h 14,approved,160
20h 14,reversed,1
20h 15,approved,190
20h 15,denied,15
20h 15,reversed,3
20h 16,denied,19
20h 16,reversed,1
20h 16,approved,170
20h 16,backend_reversed,1
20h 17,approved,170
20h 17,denied,27
20h 17,reversed,1
20h 18,denied,17
20h 18,approved,166
20h 18,refunded,1
20h 18,reversed,2
20h 19,approved,154
20h 19,reversed,1
20h 19,denied,32
20h 20,denied,13
20h 20,approved,149
20h 21,denied,24
20h 21,approved,162
20h 21,reversed,1
20h 22,approved,136
20h 22,denied,18
20h 22,reversed,1
20h 23,refunded,1
20h 23,denied,30
20h 23,approved,174
20h 23,reversed,1
20h 24,approved,150
20h 24,denied,17
20h 24,reversed,1
20h 25,approved,164
20h 25,denied,12
20h 26,approved,145
20h 26,reversed,1
20h 26,denied,17
20h 27,refunded,1
20h 27,approved,170
20h 27,denied,17
20h 28,approved,159
20h 28,reversed,2
20h 28,denied,24
20h 29,denied,14
20h 29,approved,178
20h 29,reversed,1
20h 30,approved,145
20h 30,denied,25
20h 30,reversed,1
20h 31,approved,150
20h 31,reversed,2
20h 31,denied,20
20h 32,reversed,2
20h 32,refunded,1
20h 32,denied,20
20h 32,approved,169
20h 33,denied,21
20h 33,reversed,1
20h 33,approved,152
20h 34,approved,159
20h 34,denied,13
20h 35,approved,182
20h 35,denied,16
20h 36,denied,15
20h 36,approved,150
20h 37,denied,15
20h 37,reversed,1
20h 37,approved,132
20h 38,approved,132
20h 38,reversed,2
20h 38,denied,20
20h 39,approved,138
20h 39,denied,26
20h 40,approved,151
20h 40,denied,17
20h 41,reversed,2
20h 41,denied,26
20h 41,approved,157
20h 42,denied,19
20h 42,approved,141
20h 42,reversed,2
20h 43,approved,145
20h 43,denied,26
20h 43,refunded,1
20h 44,denied,17
20h 44,approved,165
20h 44,refunded,1
20h 45,denied,14
20h 45,approved,147
20h 45,reversed,1
20h 46,denied,20
20h 46,approved,151
20h 46,reversed,1
20h 47,approved,147
20h 47,denied,16
20h 47,reversed,2
20h 48,reversed,1
20h 48,approved,120
20h 48,denied,15
20h 49,approved,125
20h 49,reversed,1
20h 49,denied,18
20h 49,refunded,1
20h 50,approved,141
20h 50,denied,13
20h 51,denied,20
20h 51,approved,146
20h 51,reversed,2
20h 52,approved,164
20h 52,denied,9
20h 52,reversed,1
20h 53,approved,119
20h 53,denied,13
20h 54,denied,12
20h 54,approved,137
20h 55,approved,141
20h 55,denied,16
20h 55,reversed,1
20h 56,approved,138
20h 56,denied,18
20h 56,reversed,1
20h 57,denied,21
20h 57,approved,142
20h 57,reversed,1
20h 58,denied,11
20h 58,approved,139
20h 59,denied,14
20h 59,approved,148
20h 59,reversed,1
21h 00,approved,134
21h 00,denied,14
21h 00,reversed,2
21h 01,denied,19
21h 01,reversed,1
21h 01,approved,125
21h 02,approved,145
21h 02,reversed,2
21h 02,denied,16
21h 03,denied,14
21h 03,reversed,2
21h 03,approved,136
21h 04,reversed,1
21h 04,approved,124
21h 04,denied,10
21h 05,approved,120
21h 05,denied,20
21h 05,reversed,2
21h 06,denied,10
21h 06,approved,112
21h 06,reversed,3
21h 07,denied,15
21h 07,approved,132
21h 07,reversed,1
21h 08,denied,22
21h 08,reversed,3
21h 08,approved,129
21h 09,approved,133
21h 09,reversed,1
21h 09,refunded,1
21h 09,denied,14
21h 10,denied,13
21h 10,approved,130
21h 11,denied,13
21h 11,reversed,1
21h 11,approved,137
21h 12,denied,15
21h 12,reversed,1
21h 12,approved,132
21h 13,denied,18
21h 13,approved,120
21h 14,approved,150
21h 14,denied,9
21h 15,denied,8
21h 15,approved,126
21h 15,refunded,1
21h 16,denied,12
21h 16,reversed,3
21h 16,approved,117
21h 17,reversed,1
21h 17,approved,128
21h 17,denied,12
21h 18,denied,18
21h 18,approved,144
21h 19,denied,13
21h 19,reversed,2
21h 19,approved,136
21h 20,denied,12
21h 20,reversed,1
21h 20,approved,123
21h 21,approved,117
21h 21,denied,16
21h 21,reversed,1
21h 22,approved,145
21h 22,denied,15
21h 23,refunded,1
21h 23,denied,12
21h 23,reversed,1
21h 23,approved,129
21h 24,reversed,1
21h 24,approved,131
21h 24,denied,6
21h 24,refunded,1
21h 25,backend_reversed,1
21h 25,approved,112
21h 25,denied,13
21h 25,reversed,1
21h 26,denied,11
21h 26,reversed,1
21h 26,approved,116
21h 27,reversed,1
21h 27,denied,9
21h 27,approved,111
21h 28,approved,139
21h 28,denied,15
21h 28,reversed,2
21h 29,approved,141
21h 29,denied,15
21h 30,approved,136
21h 30,denied,5
21h 31,denied,5
21h 31,reversed,2
21h 31,approved,115
21h 32,approved,100
21h 32,denied,8
21h 33,denied,16
21h 33,approved,114
21h 33,refunded,1
21h 34,denied,10
21h 34,approved,120
21h 34,refunded,1
21h 35,denied,9
21h 35,approved,99
21h 36,denied,14
21h 36,approved,88
21h 37,approved,116
21h 37,refunded,1
21h 37,denied,13
21h 38,approved,130
21h 38,denied,15
21h 39,denied,5
21h 39,approved,134
21h 40,approved,113
21h 40,denied,10
21h 41,denied,12
21h 41,reversed,2
21h 41,approved,101
21h 41,refunded,1
21h 42,denied,14
21h 42,approved,87
21h 42,reversed,1
21h 43,denied,17
21h 43,approved,91
21h 44,denied,9
21h 44,reversed,1
21h 44,approved,102
21h 45,approved,93
21h 45,denied,6
21h 46,denied,13
21h 46,reversed,1
21h 46,approved,97
21h 47,denied,9
21h 47,approved,114
21h 48,approved,106
21h 48,reversed,1
21h 48,denied,12
21h 49,approved,89
21h 49,refunded,1
21h 49,denied,7
21h 50,approved,95
21h 50,denied,12
21h 51,approved,119
21h 51,denied,13
21h 51,reversed,1
21h 52,denied,13
21h 52,approved,110
21h 52,reversed,1
21h 53,denied,11
21h 53,approved,123
21h 54,denied,13
21h 54,approved,106
21h 55,denied,14
21h 55,approved,112
21h 56,approved,106
21h 56,denied,18
21h 56,reversed,1
21h 57,approved,97
21h 57,denied,16
21h 58,approved,116
21h 58,denied,22
21h 58,reversed,1
21h 59,approved,107
21h 59,denied,18
22h 00,approved,99
22h 00,denied,9
22h 01,denied,12
22h 01,approved,107
22h 01,reversed,1
22h 02,reversed,1
22h 02,refunded,1
22h 02,approved,92
22h 02,denied,14
22h 03,approved,85
22h 03,denied,13
22h 03,refunded,1
22h 04,denied,8
22h 04,approved,89
22h 05,approved,92
22h 05,denied,13
22h 06,approved,98
22h 06,denied,11
22h 06,reversed,1
22h 07,failed,2
22h 07,approved,95
22h 07,denied,6
22h 08,approved,95
22h 08,denied,14
22h 09,reversed,2
22h 09,denied,10
22h 09,approved,85
22h 10,approved,97
22h 10,denied,15
22h 11,denied,12
22h 11,approved,97
22h 12,denied,20
22h 12,approved,93
22h 13,approved,72
22h 13,denied,15
22h 13,reversed,1
22h 14,approved,85
22h 14,denied,10
22h 14,reversed,1
22h 15,denied,15
22h 15,reversed,1
22h 15,approved,91
22h 16,approved,93
22h 16,denied,16
22h 16,refunded,1
22h 17,denied,15
22h 17,reversed,1
22h 17,approved,95
22h 18,approved,87
22h 18,denied,14
22h 19,approved,85
22h 19,denied,12
22h 19,reversed,1
22h 20,approved,91
22h 20,denied,13
22h 21,denied,12
22h 21,approved,93
22h 21,reversed,1
22h 22,reversed,1
22h 22,approved,94
22h 22,denied,11
22h 23,denied,8
22h 23,approved,84
22h 23,backend_reversed,1
22h 24,reversed,2
22h 24,denied,8
22h 24,approved,81
22h 25,denied,5
22h 25,reversed,1
22h 25,approved,88
22h 26,denied,13
22h 26,approved,69
22h 27,denied,11
22h 27,approved,80
22h 28,approved,76
22h 28,reversed,1
22h 28,denied,11
22h 29,approved,73
22h 29,refunded,1
22h 29,denied,14
22h 30,denied,10
22h 30,approved,88
22h 30,backend_reversed,1
22h 31,approved,85
22h 31,denied,14
22h 32,reversed,1
22h 32,approved,86
22h 32,denied,13
22h 33,reversed,1
22h 33,denied,13
22h 33,approved,74
22h 34,approved,74
22h 34,denied,10
22h 35,denied,12
22h 35,reversed,1
22h 35,approved,83
22h 36,denied,9
22h 36,approved,76
22h 37,approved,74
22h 37,denied,15
22h 38,approved,81
22h 38,denied,17
22h 39,approved,82
22h 39,denied,15
22h 40,approved,61
22h 40,backend_reversed,1
22h 40,denied,7
22h 41,denied,14
22h 41,approved,68
22h 42,approved,65
22h 42,denied,11
22h 43,denied,9
22h 43,approved,81
22h 44,approved,69
22h 44,denied,11
22h 45,denied,12
22h 45,approved,64
22h 46,denied,14
22h 46,approved,73
22h 47,approved,66
22h 47,denied,12
22h 48,approved,57
22h 48,denied,8
22h 49,denied,9
22h 49,approved,70
22h 50,denied,10
22h 50,approved,62
22h 51,approved,71
22h 51,denied,11
22h 52,approved,51
22h 52,denied,7
22h 53,approved,65
22h 53,denied,8
22h 54,denied,12
22h 54,approved,67
22h 55,approved,58
22h 55,denied,9
22h 56,denied,7
22h 56,approved,68
22h 56,reversed,1
22h 57,approved,60
22h 57,denied,11
22h 58,approved,54
22h 58,refunded,1
22h 58,denied,5
22h 59,denied,6
22h 59,approved,49
23h 00,denied,11
23h 00,approved,53
23h 01,denied,11
23h 01,approved,65
23h 02,approved,64
23h 02,denied,7
23h 03,denied,10
23h 03,approved,68
23h 04,approved,56
23h 04,denied,10
23h 05,denied,6
23h 05,approved,58
23h 06,denied,11
23h 06,approved,42
23h 07,approved,57
23h 07,denied,6
23h 08,denied,8
23h 08,approved,49
23h 09,denied,12
23h 09,approved,54
23h 10,denied,12
23h 10,approved,42
23h 10,reversed,1
23h 11,approved,58
23h 11,denied,5
23h 12,approved,50
23h 12,denied,7
23h 12,refunded,1
23h 13,denied,11
23h 13,approved,47
23h 14,denied,9
23h 14,approved,56
23h 15,approved,53
23h 15,denied,8
23h 16,denied,8
23h 16,approved,55
23h 17,denied,10
23h 17,reversed,1
23h 17,approved,45
23h 18,denied,5
23h 18,approved,55
23h 19,denied,3
23h 19,approved,54
23h 20,denied,8
23h 20,approved,47
23h 20,backend_reversed,1
23h 20,reversed,1
23h 21,denied,8
23h 21,backend_reversed,1
23h 21,approved,49
23h 22,approved,63
23h 22,denied,9
23h 22,backend_reversed,1
23h 22,reversed,1
23h 23,denied,10
23h 23,approved,42
23h 23,backend_reversed,1
23h 24,reversed,1
23h 24,approved,49
23h 24,denied,12
23h 25,approved,59
23h 25,denied,12
23h 26,denied,13
23h 26,approved,30
23h 27,approved,36
23h 27,denied,10
23h 28,approved,49
23h 28,denied,9
23h 29,approved,40
23h 29,denied,3
23h 30,denied,3
23h 30,approved,49
23h 31,denied,4
23h 31,approved,44
23h 32,denied,9
23h 32,approved,43
23h 33,approved,46
23h 33,denied,8
23h 34,approved,43
23h 34,denied,4
23h 35,denied,5
23h 35,approved,40
23h 36,denied,7
23h 36,approved,33
23h 37,denied,6
23h 37,approved,32
23h 38,approved,28
23h 38,denied,3
23h 38,reversed,1
23h 39,approved,37
23h 39,denied,8
23h 40,denied,2
23h 40,approved,37
23h 41,denied,3
23h 41,approved,32
23h 42,denied,4
23h 42,approved,31
23h 43,denied,3
23h 43,approved,34
23h 43,reversed,1
23h 44,approved,45
23h 44,denied,5
23h 45,denied,8
23h 45,approved,38
23h 46,denied,3
23h 46,approved,21
23h 47,approved,28
23h 47,denied,3
23h 48,denied,7
23h 48,approved,46
23h 49,approved,46
23h 49,denied,7
23h 50,approved,33
23h 50,denied,11
23h 50,reversed,1
23h 51,denied,8
23h 51,approved,41
23h 52,approved,43
23h 52,denied,9
23h 53,approved,33
23h 53,denied,7
23h 53,refunded,1
23h 54,approved,39
23h 54,refunded,1
23h 54,denied,4
23h 55,approved,31
23h 55,denied,8
23h 56,denied,8
23h 56,approved,34
23h 57,approved,40
23h 57,denied,11
23h 58,denied,4
23h 58,approved,35
23h 59,denied,10
23h 59,approved,38
